,historical,ridge
RELIANCE.NS,0.0004825613038012503,0.0006906054644320726
TCS.NS,0.000196548002806715,0.0005526893330597446
HDFCBANK.NS,0.00024447554500188945,0.00073964019247254
ICICIBANK.NS,0.0007263492277815236,0.0011216840868737876
SBIN.NS,0.0008727072197231186,0.0009482616299989652
BHARTIARTL.NS,0.0009812826219920759,0.0013129409905922101
INFY.NS,0.00046379050195631674,0.0005319288047016578
ITC.NS,0.00036722642112102283,0.0009848229799678386
HINDUNILVR.NS,0.00014084267010654788,0.00037933076693431753
LT.NS,0.0008364897902450047,0.0009470079665768738
SUNPHARMA.NS,0.0010112602919054023,0.0012807149413374059
MARUTI.NS,0.000462375578119538,0.0007471254783766115
