epoch,loss,grad_l2,grad_mean,grad_max_abs,ticker
1,0.013141905563149318,0.2966413195435611,0.07694598574382805,0.21004094034877305,RELIANCE.NS
2,0.006015768865195089,0.18409751625582454,0.04518024143277839,0.12977445162370976,RELIANCE.NS
3,0.0032628353669176004,0.11539607838386126,0.025679242535439455,0.0802892058801198,RELIANCE.NS
4,0.0021735235975923225,0.07399550301478346,0.01373396405878365,0.04977364350593329,RELIANCE.NS
5,0.0017186564788163562,0.049721872203720964,0.006442547334787274,0.030948859410969833,RELIANCE.NS
6,0.0015072261697126588,0.036166145619337155,0.0020167983895042667,0.025132023981662692,RELIANCE.NS
7,0.001390589071326537,0.02904272991956962,-0.0006451828147253601,0.024253463426162032,RELIANCE.NS
8,0.0013121523647374792,0.025418138143963542,-0.0022223698066151233,0.023444111330442302,RELIANCE.NS
9,0.0012502896580059172,0.02348200966309435,-0.003133109871347608,0.02268569318454474,RELIANCE.NS
10,0.0011966618130088485,0.02229217775428217,-0.003635141611222284,0.02196669064983913,RELIANCE.NS
11,0.0011479834505933825,0.021421459883838114,-0.0038872307498911685,0.021279756841179786,RELIANCE.NS
12,0.0011028956837709645,0.02069072063612707,-0.003987153155970673,0.02062012324575832,RELIANCE.NS
13,0.00106077804640431,0.020027400084853982,-0.003995101827397685,0.01998461774643221,RELIANCE.NS
14,0.0010212968877314306,0.019402363635066044,-0.00394811138453917,0.019371059246045715,RELIANCE.NS
15,0.0009842334765025247,0.01880377754879425,-0.0038689470997583008,0.018777884379578086,RELIANCE.NS
16,0.0009494183531475548,0.01822664249181763,-0.0037715826965244526,0.018203917257557496,RELIANCE.NS
17,0.0009167060538572093,0.01766865509034545,-0.0036645759780637817,0.017648227359354552,RELIANCE.NS
18,0.0008859651877380911,0.017128580172586963,-0.0035531489945723692,0.017110041755454115,RELIANCE.NS
19,0.000857074364451131,0.016605611728102026,-0.0034404698838826605,0.016588690816346206,RELIANCE.NS
20,0.0008299203623507966,0.016099122054336338,-0.0033284427452066555,0.016083574563721285,RELIANCE.NS
21,0.0008043971650254135,0.015608563129697089,-0.003218194340192569,0.015594141748459467,RELIANCE.NS
22,0.0007804053440801848,0.015133427657515588,-0.00311037396578531,0.015119876777290696,RELIANCE.NS
23,0.0007578515888497479,0.014673233501157833,-0.0030053381961781147,0.014660291481798256,RELIANCE.NS
24,0.0007366483063955603,0.014227517293430962,-0.0029032646772766883,0.014214919876940674,RELIANCE.NS
25,0.000716713261787756,0.013795831649692187,-0.0028042222016618837,0.01378331476711892,RELIANCE.NS
26,0.0006979692464404663,0.01337774380187817,-0.0027082138432408575,0.013365045495883054,RELIANCE.NS
27,0.0006803437690697557,0.012972834797997046,-0.0026152034917025025,0.012959696405338101,RELIANCE.NS
28,0.0006637687664745146,0.012580698931644438,-0.0025251321588116832,0.012566865737679934,RELIANCE.NS
29,0.000648180332385566,0.012200943269837379,-0.002437927983246755,0.01218616481382203,RELIANCE.NS
30,0.0006335184630678732,0.011833187227284322,-0.0023535123537514815,0.011817217387264899,RELIANCE.NS
31,0.0006197268185678592,0.011477062166487912,-0.002271803641725945,0.011459659110303477,RELIANCE.NS
32,0.0006067524986141219,0.011132211015341453,-0.002192719462104771,0.011113137073673165,RELIANCE.NS
33,0.0005945458322593036,0.010798287898692817,-0.002116178028707539,0.01077730939553164,RELIANCE.NS
34,0.0005830601804141287,0.010474957782243678,-0.0020420989529193316,0.010451844844795834,RELIANCE.NS
35,0.0005722517504796947,0.010161896127903308,-0.0019704037006338868,0.01013642248947977,RELIANCE.NS
36,0.0005620794223341091,0.00985878856001912,-0.0019010158398621267,0.009830731364150002,RELIANCE.NS
37,0.000552504584975851,0.009565330542031519,-0.0018338611605516679,0.009534470152756686,RELIANCE.NS
38,0.0005434909831694225,0.009281227063159302,-0.0017688677168242427,0.009247346884423344,RELIANCE.NS
39,0.0005350045734792492,0.009006192334752234,-0.0017059658225274845,0.008969078640598108,RELIANCE.NS
40,0.0005270133891156633,0.008739949495964756,-0.0016450880190984538,0.008699391272475434,RELIANCE.NS
1,0.012800509990154535,0.2930461540742774,0.07586765951147353,0.2063938489849629,TCS.NS
2,0.0058422273124339105,0.18214254751695605,0.044546280154943454,0.12761638861688482,TCS.NS
3,0.0031455544805751513,0.11439888913718002,0.025297470661697484,0.07899720251729317,TCS.NS
4,0.002073891168181722,0.07357196430199159,0.013494375333044642,0.04898471560222565,TCS.NS
5,0.0016235006478227166,0.04965439576906822,0.006282543500921644,0.030452180784954368,TCS.NS
6,0.0014121667598205308,0.03631948516945832,0.0019010044325186146,0.02546982413131551,TCS.NS
7,0.0012942502580838976,0.029318870783224746,-0.0007365944314199006,0.02460655146111725,TCS.NS
8,0.001214168793138247,0.025748217615359982,-0.002300403541822956,0.023800757997573547,TCS.NS
9,0.001150627057805462,0.023827151825696412,-0.0032038005681414516,0.02303888496559192,TCS.NS
10,0.0010953887984503179,0.02263477276248313,-0.003701750002618627,0.022312305098414326,TCS.NS
11,0.0010451963765938752,0.021754676864422024,-0.003951485890299983,0.02161544174842795,TCS.NS
12,0.0009986946561736949,0.021012242882321796,-0.004049949868828209,0.020944608222867624,TCS.NS
13,0.0009552596952135369,0.02033662712395983,-0.0040568884331188436,0.020297291469076374,TCS.NS
14,0.0009145524831066162,0.01969931280967615,-0.004009102682425351,0.019671709908185873,TCS.NS
15,0.0008763486754325777,0.01908867778573218,-0.003929239607007745,0.019066540411636006,TCS.NS
16,0.0008404734054928097,0.018499788811754167,-0.0038312157882719987,0.018480749637258976,TCS.NS
17,0.0008067761141896017,0.017930357731710145,-0.003723563473901222,0.017913489756759222,TCS.NS
18,0.0007751206339190987,0.017379147285596017,-0.0036114948677817295,0.017364033916069457,TCS.NS
19,0.0007453810991806195,0.01684534376180364,-0.0034981756268471073,0.016831736215335697,TCS.NS
20,0.0007174400943559438,0.01632831013543598,-0.003385510481629385,0.016316006822539288,TCS.NS
21,0.0006911876711887312,0.015827488768392815,-0.003274627864502466,0.015816296429884077,TCS.NS
22,0.0006665207143478017,0.015342362876661733,-0.003166178843336176,0.015332086480092462,TCS.NS
23,0.0006433424554812571,0.01487244109029267,-0.0030605214932368932,0.014862882958154019,TCS.NS
24,0.0006215620588040975,0.01441725109277201,-0.0029578345914963743,0.014408212388316872,TCS.NS
25,0.0006010942480015628,0.013976336835715352,-0.002858187710532708,0.013967619196966386,TCS.NS
26,0.0005818589620781425,0.013549257166939385,-0.0027615844124980306,0.013540663923387751,TCS.NS
27,0.0005637810346293726,0.013135585022561397,-0.0026679888507889263,0.01312692195866765,TCS.NS
28,0.0005467898936701995,0.012734906849268568,-0.0025773421361911806,0.012725982615312778,TCS.NS
29,0.0005308192802122332,0.012346822125350087,-0.0024895723899862237,0.012337448405634346,TCS.NS
30,0.0005158069842294779,0.011970942928598223,-0.0024046009038300054,0.011960934453513594,TCS.NS
31,0.0005016945968639652,0.011606893530418915,-0.002322345899242036,0.011596067992896683,TCS.NS
32,0.0004884272778423577,0.011254310007770186,-0.0022427248076507386,0.011242487924101147,TCS.NS
33,0.0004759535371566946,0.010912839869373097,-0.002165655639114853,0.010899844409956616,TCS.NS
34,0.00046422503012800146,0.010582141694548837,-0.0020910577901683443,0.010567798500561758,TCS.NS
35,0.00045319636502859617,0.010261884783790066,-0.0020188525069448275,0.010246021779609097,TCS.NS
36,0.0004428249224908247,0.00995174882048134,-0.0019489631368893386,0.00993419602780846,TCS.NS
37,0.00043307068597799866,0.00965142354331102,-0.001881315251253789,0.009632012900533705,TCS.NS
38,0.0004238960826381283,0.009360608428975032,-0.0018158366890415312,0.009339173617804725,TCS.NS
39,0.00041526583390298356,0.00907901238480251,-0.0017524575536148903,0.009055388665328951,TCS.NS
40,0.0004071468152343271,0.008806353450952471,-0.001691110181181107,0.008780377505708318,TCS.NS
1,0.013171449666333233,0.2947884254910512,0.07479340099991559,0.20703738633814694,HDFCBANK.NS
2,0.006128124034547231,0.1834169383952151,0.04369345564982669,0.12799387581309368,HDFCBANK.NS
3,0.0033913027755098986,0.11551937970613037,0.024597186198035623,0.07954356409140854,HDFCBANK.NS
4,0.0022963710691322175,0.07475635924896325,0.012901424075168191,0.049627401480302286,HDFCBANK.NS
5,0.0018294792383232734,0.05103990322007382,0.005767208318702032,0.031143635798402097,HDFCBANK.NS
6,0.0016047377204406914,0.037938301181821746,0.0014436715178433213,0.027805279387121903,HDFCBANK.NS
7,0.001475145105932306,0.0310966147183105,-0.0011489618618675261,0.02674305238234423,HDFCBANK.NS
8,0.0013845857675251498,0.027574235184819378,-0.002676566355768604,0.025776320288102773,HDFCBANK.NS
9,0.0013115294596199997,0.025621893141334673,-0.0035497410721274728,0.02487873153996755,HDFCBANK.NS
10,0.0012476140384681967,0.024359126185076088,-0.004021643883174014,0.02403369567367015,HDFCBANK.NS
11,0.0011894976362668893,0.023394040392775036,-0.00424833177540763,0.0232306536537132,HDFCBANK.NS
12,0.0011357585331947557,0.022563322621236562,-0.004325976408561304,0.022462777183668455,HDFCBANK.NS
13,0.001085715200981103,0.02180073460131487,-0.004313817174099673,0.021725549370987186,HDFCBANK.NS
14,0.0010389768163724794,0.02107948524692578,-0.004248317681908999,0.02101588899000948,HDFCBANK.NS
15,0.0009952716838566526,0.0203885211993104,-0.004151896854936194,0.020331610027344217,HDFCBANK.NS
16,0.0009543814126802061,0.01972302774621556,-0.004038313848941112,0.019671088027854243,HDFCBANK.NS
17,0.0009161153585712197,0.01908066431138777,-0.003915989180431525,0.01903305399814036,HDFCBANK.NS
18,0.0008803004158263631,0.01846007896840222,-0.0037900529884569182,0.018416466992998138,HDFCBANK.NS
19,0.0008467766802385248,0.017860323051165816,-0.003663608243443262,0.01782043524052917,HDFCBANK.NS
20,0.0008153953748283318,0.017280620359724632,-0.003538509767832449,0.017244167213692648,HDFCBANK.NS
21,0.0007860176639682617,0.01672027592279981,-0.003415844630518052,0.016686941180998546,HDFCBANK.NS
22,0.0007585138312764307,0.016178639670270865,-0.003296228362645779,0.01614808616343391,HDFCBANK.NS
23,0.0007327626200311574,0.015655091715289383,-0.003179987581641184,0.0156269699350199,HDFCBANK.NS
24,0.0007086506579777651,0.015149036148612273,-0.003067272558692258,0.01512299137602317,HDFCBANK.NS
25,0.0006860719353365069,0.014659898194086543,-0.0029581265804839284,0.014635575518849048,HDFCBANK.NS
26,0.0006649273227714871,0.01418712269926025,-0.002852528665654478,0.014164170262539305,HDFCBANK.NS
27,0.0006451241229987987,0.013730173163989353,-0.0027504198497592014,0.013708244124001302,HDFCBANK.NS
28,0.0006265756524277847,0.013288530993153264,-0.0026517193381337535,0.013267284636003036,HDFCBANK.NS
29,0.0006092008503408141,0.012861694849618396,-0.0025563344118014293,0.012840797151172851,HDFCBANK.NS
30,0.0005929239136131097,0.012449180058324624,-0.0024641664825549156,0.012428303903277775,HDFCBANK.NS
31,0.0005776739552313891,0.012050518041767724,-0.0023751147749779883,0.012029343233824078,HDFCBANK.NS
32,0.0005633846850319706,0.011665255778724124,-0.0022890785467628025,0.011643468927045413,HDFCBANK.NS
33,0.0005499941112004061,0.011292955282627047,-0.0022059584093405663,0.011270249617949951,HDFCBANK.NS
34,0.0005374442611768041,0.010933193097812873,-0.002125657095388491,0.01090926825143367,HDFCBANK.NS
35,0.0005256809207021051,0.010585559812577158,-0.0020480798868931526,0.010560121578694685,HDFCBANK.NS
36,0.0005146533898240703,0.010249659588278986,-0.001973134835496787,0.010222419682268738,HDFCBANK.NS
37,0.0005043142547591407,0.009925109703858886,-0.0019007328563088355,0.009895785524145103,HDFCBANK.NS
38,0.0004946191745784445,0.009611540115199664,-0.001830787745194383,0.009579854513367667,HDFCBANK.NS
39,0.0004855266817535225,0.009308593028793869,-0.0017632161503279425,0.009274274090729215,HDFCBANK.NS
40,0.00047699799566021714,0.00901592248920677,-0.0016979375169473084,0.008978703328915818,HDFCBANK.NS
1,0.013053618090142768,0.2970103350170207,0.07680914081470529,0.2095757782162615,ICICIBANK.NS
2,0.005945697427941452,0.18193712179990104,0.0444026228418527,0.12708908044576675,ICICIBANK.NS
3,0.0032695154249409142,0.1127229359021826,0.024781686233158986,0.07717428271223985,ICICIBANK.NS
4,0.0022338341579895703,0.07170702508514516,0.012929936136532849,0.04708528413905145,ICICIBANK.NS
5,0.0018071533290232216,0.04816237703293384,0.005798239490290598,0.028783440562703294,ICICIBANK.NS
6,0.0016081758356481805,0.03537228837836382,0.0015332612267777866,0.02562477558102323,ICICIBANK.NS
7,0.0014958539001882168,0.02885102194124946,-0.000991470219540723,0.024770817475583587,ICICIBANK.NS
8,0.0014179177651920986,0.025594100424966626,-0.002460604841403343,0.023967458316122486,ICICIBANK.NS
9,0.0013549091224530812,0.02384008916109566,-0.0032902338194123032,0.023203711005685173,ICICIBANK.NS
10,0.0012995018743993721,0.02272498026823347,-0.0037332072710921935,0.022472620945720695,ICICIBANK.NS
11,0.0012488609711625992,0.02187631954655483,-0.003943151599239013,0.02176969330494605,ICICIBANK.NS
12,0.001201818618059209,0.021144001476080573,-0.00401338237749961,0.021091936765302008,ICICIBANK.NS
13,0.0011578304475704261,0.02046913502470271,-0.004000557480821607,0.020437282002166407,ICICIBANK.NS
14,0.001116589386578839,0.019828672192345905,-0.003939054570377293,0.019804227955078527,ICICIBANK.NS
15,0.0010778825585422878,0.019213407629847468,-0.0038497103764088625,0.019191626568900274,ICICIBANK.NS
16,0.0010415380092628106,0.018619451200038308,-0.0037451328004256836,0.018598551711924493,ICICIBANK.NS
17,0.0010074046457464268,0.01804495504595016,-0.003632929806957877,0.01802421926836781,ICICIBANK.NS
18,0.0009753444700372687,0.017488862096588367,-0.0035176720376191364,0.017467938344398998,ICICIBANK.NS
19,0.0009452293777062328,0.016950428046774435,-0.0034020857202954544,0.01692908139347875,ICICIBANK.NS
20,0.0009169396634202967,0.01642903867090163,-0.0032877777153586495,0.016407065848533905,ICICIBANK.NS
21,0.0008903631764962538,0.015924139814405512,-0.003175676173535124,0.015901342755075966,ICICIBANK.NS
22,0.0008653947346664781,0.015435210366693588,-0.0030662983304701316,0.015411389666153607,ICICIBANK.NS
23,0.0008419356501842065,0.014961751633706145,-0.002959913228442916,0.014936706133973094,ICICIBANK.NS
24,0.0008198933133212753,0.014503282973673304,-0.002856640571605156,0.014476810785823925,ICICIBANK.NS
25,0.0007991808119720412,0.014059339830864444,-0.0027565107619726345,0.014031239368758492,ICICIBANK.NS
26,0.0007797165785756255,0.013629472693313115,-0.0026595013410617733,0.013599543388684234,ICICIBANK.NS
27,0.000761424060244034,0.013213246412201665,-0.0025655590915532787,0.013181289116150881,ICICIBANK.NS
28,0.0007442314097650625,0.012810239668195084,-0.002474613424191632,0.012776056820246875,ICICIBANK.NS
29,0.0007280711958575737,0.012420044502546912,-0.002386584469136967,0.012383440146201293,ICICIBANK.NS
30,0.0007128801313658917,0.012042265881340077,-0.0023013879500759942,0.012003045585230066,ICICIBANK.NS
31,0.0006985988182386662,0.011676521280501777,-0.002218938104328177,0.011634492005192319,ICICIBANK.NS
32,0.0006851715082377238,0.011322440286589831,-0.0021391494167450576,0.011277410222800882,ICICIBANK.NS
33,0.0006725458783984377,0.010979664211164378,-0.0020619376340509825,0.010931442605540126,ICICIBANK.NS
34,0.0006606728203277614,0.010647845717639267,-0.0019872203432213784,0.010596242695949562,ICICIBANK.NS
35,0.0006495062424842176,0.010326648459930232,-0.0019149172862291696,0.010271474853677062,ICICIBANK.NS
36,0.0006390028846377427,0.010015746732385599,-0.0018449505158589018,0.009956813912377181,ICICIBANK.NS
37,0.000629122143757206,0.009714825130557592,-0.001777244456180741,0.009651944849550233,ICICIBANK.NS
38,0.0006198259106201188,0.009423578222408985,-0.0017117259062915096,0.009356562468043096,ICICIBANK.NS
39,0.0006110784164827791,0.00914171022956969,-0.0016483240107442701,0.009070371088314575,ICICIBANK.NS
40,0.0006028460891900881,0.008868934718274508,-0.0015869702108595879,0.008793084250806021,ICICIBANK.NS
1,0.013177620601769512,0.29988462588096376,0.07765063837347001,0.21121188134724586,SBIN.NS
2,0.005942148617164979,0.18296737684164785,0.04475906327908215,0.1277444508800702,SBIN.NS
3,0.003240034317023504,0.11285149155452255,0.024913605262384127,0.07758899257714715,SBIN.NS
4,0.0022040490063407127,0.07140044852952208,0.012967810205476821,0.04719534602725772,SBIN.NS
5,0.0017820623212014663,0.0476450195946086,0.005804488591415114,0.02877215896898703,SBIN.NS
6,0.0015878932510956232,0.03475909758379289,0.001535600082721873,0.024987441752348665,SBIN.NS
7,0.0014797000968848626,0.028209976571017602,-0.0009823867547472341,0.024141231593877342,SBIN.NS
8,0.0014052960269834557,0.02496176217082544,-0.002442047307430751,0.023351925490162347,SBIN.NS
9,0.001345396563888427,0.023229828259186097,-0.0032628096219818716,0.022605685229514907,SBIN.NS
10,0.0012927971914175095,0.022139036711719063,-0.003698655371781135,0.02189386126775042,SBIN.NS
11,0.0012447333390037528,0.021313640389180072,-0.0039033556504907523,0.02121095523610801,SBIN.NS
12,0.001200076858862527,0.020603130734723085,-0.003969985058010958,0.02055338554594551,SBIN.NS
13,0.0011583069863731353,0.019948871835284418,-0.003954855814813618,0.019918739447769646,SBIN.NS
14,0.0011191323661267835,0.01932808496155214,-0.0038920148867387545,0.019305319749875486,SBIN.NS
15,0.0010823519730631757,0.018731741067467448,-0.0038020250047780266,0.018711870023775223,SBIN.NS
16,0.0010478037064536553,0.018156052586062302,-0.003697283368179455,0.018137407928778573,SBIN.NS
17,0.001015345173496236,0.017599231344336115,-0.003585243179849792,0.017581124032898847,SBIN.NS
18,0.0009848463049115803,0.017060257787180396,-0.003470364902544633,0.017042320312653517,SBIN.NS
19,0.0009561863322024203,0.01653841425185111,-0.0033552980929207723,0.01652037269359082,SBIN.NS
20,0.000929252384515008,0.016033107878208393,-0.0032415971890332484,0.016014708159087086,SBIN.NS
21,0.0009039386978707932,0.015543803228094314,-0.0031301550097399674,0.015524790689623556,SBIN.NS
22,0.0008801460661004447,0.015069996453054499,-0.0030214652708253943,0.01505011255688947,SBIN.NS
23,0.0008577813964305844,0.01461120520107376,-0.0029157815365343067,0.014590188867273427,SBIN.NS
24,0.0008367573184513754,0.014166964491207065,-0.00281321344281239,0.01414455407926697,SBIN.NS
25,0.000816991826725726,0.01373682485698549,-0.002713784927250041,0.013712759722028988,SBIN.NS
26,0.0007984079489277113,0.013320351358051968,-0.002617469447960826,0.013294372846872776,SBIN.NS
27,0.0007809334357177976,0.012917122929568632,-0.0025242112662519013,0.012888974927889922,SBIN.NS
28,0.0007645004701982189,0.012526731868288773,-0.002433938289772885,0.01249616103965565,SBIN.NS
29,0.0007490453954396272,0.012148783378858719,-0.002346569805488067,0.012115539207642918,SBIN.NS
30,0.000734508458852433,0.011782895151111656,-0.002262021119032142,0.01174672986797216,SBIN.NS
31,0.0007208335723216458,0.011428696956990683,-0.0021802063218418926,0.011389365397963988,SBIN.NS
32,0.000707968087116588,0.011085830262512407,-0.002101039925814975,0.011043089694011313,SBIN.NS
33,0.0006958625826575627,0.01075394785275788,-0.0020244378135135833,0.010707557782409489,SBIN.NS
34,0.0006844706682819499,0.010432713468859439,-0.0019503177752256654,0.01038243545430966,SBIN.NS
35,0.0006737487972066705,0.010121801456335478,-0.0018785997971669248,0.01006739891931567,SBIN.NS
36,0.0006636560919342086,0.00982089642427753,-0.0018092062002793396,0.009762134474278808,SBIN.NS
37,0.0006541541803962192,0.009529692914960754,-0.001742061689817277,0.009466338185081176,SBIN.NS
38,0.0006452070421725458,0.009247895083483592,-0.0016770933521314778,0.009179715579952239,SBIN.NS
39,0.0006367808641644992,0.008975216387062305,-0.0016142306206582888,0.008901981353321556,SBIN.NS
40,0.0006288439051397101,0.008711379283623276,-0.0015534052243998573,0.00863285907949376,SBIN.NS
1,0.012558579856852251,0.2922655661109153,0.07588701140399326,0.20702755926334168,BHARTIARTL.NS
2,0.005665016389672505,0.17974645670056524,0.044176479563110084,0.12619995618599497,BHARTIARTL.NS
3,0.003049681357615083,0.11167364683831002,0.024879367310534476,0.07684631899820876,BHARTIARTL.NS
4,0.00203282230212154,0.07103708684673327,0.01316162168986966,0.04684956847492462,BHARTIARTL.NS
5,0.001614672252293896,0.04746969834408131,0.006070881556683694,0.0287624666691935,BHARTIARTL.NS
6,0.0014221489660352382,0.034491284381652415,0.0018040402468213878,0.02412293660661188,BHARTIARTL.NS
7,0.0013159475050208338,0.0277893627928674,-0.0007400957357254175,0.0233595659490949,BHARTIARTL.NS
8,0.0012439756664162308,0.024436981221236814,-0.002234023578615234,0.022635786294425638,BHARTIARTL.NS
9,0.0011866813405363799,0.022663272696281125,-0.0030884132556209818,0.021943925320164304,BHARTIARTL.NS
10,0.0011366578275252878,0.021571056749823608,-0.003554023957321186,0.021279064535495152,BHARTIARTL.NS
11,0.0010910356961429102,0.020764290035486802,-0.003783950215511458,0.020637974359571373,BHARTIARTL.NS
12,0.001048644360224588,0.02008082641153998,-0.003871639103882118,0.020018463503095402,BHARTIARTL.NS
13,0.0010089529001888725,0.019456381351268252,-0.00387410945090384,0.019418981394891288,BHARTIARTL.NS
14,0.0009716746089076888,0.018865644427558507,-0.0038261330771416835,0.018838375163641424,BHARTIARTL.NS
15,0.0009366191441533526,0.018298514193788907,-0.0037488960260150155,0.018275741021230495,BHARTIARTL.NS
16,0.0009036370642633031,0.017750780492560004,-0.0036552884129261755,0.017730333308299314,BHARTIARTL.NS
17,0.000872598843726251,0.01722051338018127,-0.0035531351808771967,0.01720150876298389,BHARTIARTL.NS
18,0.0008433867682235386,0.016706669975158205,-0.0034471692519470786,0.016688692307875962,BHARTIARTL.NS
19,0.0008158916505687478,0.01620855780282176,-0.003340236589977455,0.01619135598463727,BHARTIARTL.NS
20,0.0007900113605149936,0.015725628053892722,-0.0032340321494266676,0.01570900592372602,BHARTIARTL.NS
21,0.0007656500458018495,0.0152573957983198,-0.003129549311435367,0.015241174226560836,BHARTIARTL.NS
22,0.0007427176247982551,0.014803409038274856,-0.0030273543319390165,0.014787413852778158,BHARTIARTL.NS
23,0.0007211293933809355,0.01436323655120083,-0.0029277539163578385,0.014347295347516784,BHARTIARTL.NS
24,0.0007008056865755038,0.013936462966351145,-0.002830897522239342,0.013920404697014896,BHARTIARTL.NS
25,0.0006816715720485049,0.013522686630572359,-0.0027368397981309364,0.01350634187770279,BHARTIARTL.NS
26,0.0006636565662205959,0.013121518554146849,-0.002645578676910342,0.013104719833090812,BHARTIARTL.NS
27,0.0006466943689158543,0.012732581779236472,-0.0025570786013850437,0.012715163716047466,BHARTIARTL.NS
28,0.000630722614419955,0.01235551091788285,-0.0024712846707462743,0.012337310297154664,BHARTIARTL.NS
29,0.0006156826375864989,0.01198995176202877,-0.002388131243244021,0.011970807478364142,BHARTIARTL.NS
30,0.0006015192539507836,0.011635560927827037,-0.002307547154281663,0.011615313874719532,BHARTIARTL.NS
31,0.0005881805529616807,0.011292005519504794,-0.0022294588686269734,0.011270498441290125,BHARTIARTL.NS
32,0.0005756177035288114,0.01095896280690229,-0.0021537923720950283,0.010936040131248517,BHARTIARTL.NS
33,0.0005637847711427384,0.010636119914215656,-0.0020804742945340327,0.010611627576394446,BHARTIARTL.NS
34,0.0005526385458750063,0.010323173518791437,-0.002009432564459428,0.010296958784710038,BHARTIARTL.NS
35,0.000542138380608127,0.010019829559333752,-0.0019405967787320469,0.009991740851539428,BHARTIARTL.NS
36,0.0005322460388851717,0.009725802953088551,-0.0018738983992499729,0.009695689682215161,BHARTIARTL.NS
37,0.0005229255518054157,0.00944081732165467,-0.001809270845001687,0.009408529724708445,BHARTIARTL.NS
38,0.0005141430834268946,0.009164604725107885,-0.0017466495211863873,0.009129993711341733,BHARTIARTL.NS
39,0.0005058668041690176,0.008896905404146347,-0.0016859718108381745,0.008859822408889837,BHARTIARTL.NS
40,0.0004980667717387036,0.008637467529977218,-0.0016271770444547921,0.008597764376571037,BHARTIARTL.NS
1,0.012852265372571661,0.2897653955862722,0.07490882725374998,0.2041809142412464,INFY.NS
2,0.006024709513709497,0.18178846159045597,0.044310583010610013,0.12736305624731772,INFY.NS
3,0.0033286173461620845,0.11527709610130704,0.02534452892805895,0.07953090496563286,INFY.NS
4,0.0022362902206174793,0.0748594022606075,0.013616012299365429,0.04974087978230082,INFY.NS
5,0.001768261933464268,0.05097392127808135,0.00638977566787423,0.031181385845125836,INFY.NS
6,0.0015448865360804956,0.0375146922756029,0.0019634097036730007,0.026250394362102338,INFY.NS
7,0.001418908879358531,0.030348494181764784,-0.0007226261062681748,0.025360699142236164,INFY.NS
8,0.0013331163641392013,0.026632098247825385,-0.002327736736777158,0.024523510889441612,INFY.NS
9,0.0012651904690060042,0.024603585844306695,-0.003262275100824709,0.02372799163103264,INFY.NS
10,0.0012063407829833218,0.023335587953038486,-0.003781580279970973,0.022967110156881344,INFY.NS
11,0.0011530269126020772,0.022400056289492307,-0.004044509295768129,0.022236213751163813,INFY.NS
12,0.0011037508600673805,0.021613712311993185,-0.004149868729988249,0.021532138912507544,INFY.NS
13,0.0010578138115341536,0.02090069138507,-0.00415909063251311,0.020852657563871665,INFY.NS
14,0.0010148340000339171,0.020229860668773084,-0.004110346515171808,0.020196132088940343,INFY.NS
15,0.0009745594512708768,0.019588298178682375,-0.00402733218818621,0.019561300356222895,INFY.NS
16,0.0009367950008161181,0.01897043113755869,-0.003924735591951201,0.01894714165923943,INFY.NS
17,0.0009013736093198789,0.018373647917968205,-0.003811640040857029,0.018352793029058654,INFY.NS
18,0.0008681448652861351,0.01779653514980544,-0.003693642416164685,0.01777749690770615,INFY.NS
19,0.0008369701707855528,0.01723817092971783,-0.0035741715121775505,0.017220568348950218,INFY.NS
20,0.0008077205389281422,0.016697841503972178,-0.003455308539493005,0.016681374380746808,INFY.NS
21,0.0007802754244251017,0.01617492752864865,-0.003338297760332773,0.01615932094449313,INFY.NS
22,0.0007545219742948471,0.0156688582040112,-0.00322386425643787,0.01565384455713525,INFY.NS
23,0.000730354459990006,0.015179092576126183,-0.003112411653612094,0.015164406919533574,INFY.NS
24,0.0007076737972813349,0.014705111717987652,-0.003004145130446627,0.014690491365075031,INFY.NS
25,0.0006863871165075681,0.014246415273813345,-0.002899147924185144,0.01423160045991908,INFY.NS
26,0.0006664073676714186,0.013802519759436922,-0.002797428894130672,0.013787254326066362,INFY.NS
27,0.0006476529534008961,0.013372957575571396,-0.0026989520725674344,0.013356989420157972,INFY.NS
28,0.0006300473861646977,0.012957276316285824,-0.0026036550062203036,0.012940357601572357,INFY.NS
29,0.0006135189674934182,0.012555038205280122,-0.0025114601225559585,0.012536925386050215,INFY.NS
30,0.0005980004875402406,0.012165819592646954,-0.0024222817563942576,0.012146273320083502,INFY.NS
31,0.0005834289435906248,0.011789210484862372,-0.0023360304771442137,0.011767995435589736,INFY.NS
32,0.0005697452762846009,0.01142481409677949,-0.0022526157375719826,0.011401698759514708,INFY.NS
33,0.0005568941224191481,0.011072246420820933,-0.002171947479475109,0.011047002862421626,INFY.NS
34,0.0005448235832797542,0.010731135811147268,-0.0020939370916746086,0.010703539435992546,INFY.NS
35,0.0005334850075206091,0.010401122581620502,-0.0020184979663795707,0.01037095189302365,INFY.NS
36,0.0005228327876763997,0.010081858616808164,-0.0019455458070175807,0.010048894985775849,INFY.NS
37,0.0005128241694472398,0.009773006995454728,-0.0018749987827653438,0.009737034439966907,INFY.NS
38,0.0005034190729527608,0.009474241625928357,-0.0018067775890028125,0.00943504660258163,INFY.NS
39,0.0004945799252022608,0.009185246893192256,-0.0017408054505021323,0.009142618102235022,INFY.NS
40,0.0004862715030754156,0.008905717316876149,-0.001677008090215096,0.008859445521175971,INFY.NS
1,0.013034067616149341,0.30027988933788,0.07772644942665431,0.2113286772353539,ITC.NS
2,0.005793302481160852,0.1823141855350089,0.04451597042181142,0.12721366872940224,ITC.NS
3,0.0031148108384011753,0.11201018425946092,0.024586994313729276,0.07676536964359859,ITC.NS
4,0.0020951401416794218,0.07076249499780407,0.012656656940998226,0.04636408424735473,ITC.NS
5,0.0016803770778717132,0.04736835483359043,0.005542487650025836,0.028040045278026348,ITC.NS
6,0.0014878575542151672,0.034856283277401354,0.001327352448818169,0.025676990226648048,ITC.NS
7,0.001378539097816079,0.02858885287976562,-0.0011436089748762801,0.024830781504238248,ITC.NS
8,0.0013018049018206192,0.025499568457469854,-0.0025660432597309915,0.024033547567319576,ITC.NS
9,0.0012391392412284432,0.023836799994195343,-0.0033589556387591027,0.02327470911724582,ITC.NS
10,0.001183685482494995,0.022766935974707355,-0.003774696813172413,0.022547617607107343,ITC.NS
11,0.001132826697280153,0.02194029090424783,-0.003965222229105424,0.0218480010159641,ITC.NS
12,0.0010854924941236454,0.021219157216630848,-0.004022008552354443,0.02117302727292304,ITC.NS
13,0.0010411811282135493,0.020550577171351024,-0.004000100458737776,0.020520739780043328,ITC.NS
14,0.0009996041521997704,0.019914177533474683,-0.003932597057536914,0.01988971710657545,ITC.NS
15,0.000960557028348685,0.01930192326977653,-0.0038393788684187406,0.019278867738368226,ITC.NS
16,0.0009238717729856613,0.018710429518343768,-0.0037323651392379377,0.018687306195974952,ITC.NS
17,0.0008893993966568723,0.018138066942247545,-0.0036186809406531352,0.018114278178901114,ITC.NS
18,0.0008570031807248377,0.017583875262303,-0.0035025650506922837,0.017559115251651665,ITC.NS
19,0.0008265559082504595,0.017047155776492778,-0.003386519256199839,0.017021207333413682,ITC.NS
20,0.0007979385501563493,0.016527318399119834,-0.0032720006636259647,0.016499985919744997,ITC.NS
21,0.0007710394984853395,0.016023824047579755,-0.0031598387073348546,0.015994913775903462,ITC.NS
22,0.0007457540159877252,0.015536162744641334,-0.00305048630970711,0.015505478535052353,ITC.NS
23,0.0007219837809010444,0.015063845103909035,-0.0029441711314619244,0.015031188654850852,ITC.NS
24,0.0006996364819332777,0.014606398836075962,-0.0028409866353876975,0.014571570800595905,ITC.NS
25,0.0006786254461592169,0.014163367144661177,-0.0027409468938332697,0.014126168093368991,ITC.NS
26,0.0006588692926518033,0.013734307838551854,-0.0026440195562414193,0.013694538884723231,ITC.NS
27,0.0006402916083959081,0.013318792721988413,-0.0025501456614496136,0.01327625585383992,ITC.NS
28,0.0006228206444364937,0.012916407097188025,-0.002459251526626102,0.012870905304053422,ITC.NS
29,0.0006063890307718708,0.012526749317600309,-0.0023712558646082713,0.012478086584426534,ITC.NS
30,0.0005909335087515852,0.012149430368282598,-0.0022860740282979954,0.012097411591450774,ITC.NS
31,0.0005763946798719308,0.011784073464304545,-0.002203620525859501,0.011728504323659968,ITC.NS
32,0.0005627167699510004,0.01143031366349751,-0.0021238104956873474,0.01137100047261832,ITC.NS
33,0.0005498474077354307,0.011087797491899944,-0.002046560556143478,0.011024547040181909,ITC.NS
34,0.0005377374170521086,0.010756182581017501,-0.0019717892800168216,0.01068880197581121,ITC.NS
35,0.0005263406216736866,0.010435137316315539,-0.0018994174442335822,0.01036343383005713,ITC.NS
36,0.0005156136621182749,0.010124340496479024,-0.001829368145450934,0.01004812142175612,ITC.NS
37,0.0005055158236517751,0.00982348100302828,-0.00176156683608641,0.009742553517327614,ITC.NS
38,0.0004960088748063575,0.009532257479905973,-0.0016959413136011462,0.009446428521086358,ITC.NS
39,0.00048705691577080547,0.009250378022668546,-0.0016324216827635937,0.009159454175799279,ITC.NS
40,0.00047862623604805936,0.008977559876929055,-0.0015709403027353696,0.008881347272910872,ITC.NS
1,0.01262865887707079,0.28395013994372986,0.0725980234868596,0.20125164823708186,HINDUNILVR.NS
2,0.006023376455503534,0.1815696296103983,0.04389479090959079,0.1287476325965148,HINDUNILVR.NS
3,0.003314503833166291,0.11721129259515199,0.02575076835976491,0.08268174893007277,HINDUNILVR.NS
4,0.0021781952107396336,0.07722625050978527,0.014306004508600683,0.053397336346918324,HINDUNILVR.NS
5,0.0016781768779034287,0.052963770317899575,0.007110756414652352,0.03476546807484571,HINDUNILVR.NS
6,0.001437123220151991,0.03882629270765331,0.002610306098652198,0.025980690167084496,HINDUNILVR.NS
7,0.0013028731504517808,0.03100105077782996,-0.00018201477319750175,0.024964646049296185,HINDUNILVR.NS
8,0.0012139761044814312,0.026809907344033518,-0.0018923487258905535,0.024053842880784576,HINDUNILVR.NS
9,0.0011455311688125262,0.02450280812521342,-0.0029180231287832263,0.023218344058387012,HINDUNILVR.NS
10,0.0010873695906767498,0.023091844381625305,-0.00351114391747667,0.022438875398164682,HINDUNILVR.NS
11,0.0010352657517679327,0.022089529979216795,-0.003831650577098465,0.021702938761834982,HINDUNILVR.NS
12,0.0009873962505911925,0.021274972799959057,-0.003980988873227417,0.021002345176519117,HINDUNILVR.NS
13,0.0009429130412386619,0.020552267486656384,-0.004023482103034095,0.020331648884432094,HINDUNILVR.NS
14,0.000901368180775567,0.01988041914193519,-0.003999894874759485,0.01968715320162315,HINDUNILVR.NS
15,0.0008624816492469151,0.019241844330573046,-0.003936041662026178,0.019066279299797262,HINDUNILVR.NS
16,0.0008260473940050571,0.018628814796496307,-0.0038482503900367886,0.018467165335678184,HINDUNILVR.NS
17,0.0007918950803690538,0.018037733630641865,-0.003746829983289203,0.017888411784908322,HINDUNILVR.NS
18,0.0007598743073215206,0.017466738321124945,-0.0036382710746930254,0.017328919576536903,HINDUNILVR.NS
19,0.0007298478964890238,0.016914700378609083,-0.00352664268287934,0.01678778713355099,HINDUNILVR.NS
20,0.0007016888584642312,0.016380808260483534,-0.0034144785907515122,0.016264244807091034,HINDUNILVR.NS
21,0.0006752788614650703,0.015864393390397455,-0.0033033398509995024,0.015757613050703032,HINDUNILVR.NS
22,0.0006505073248620178,0.015364857400039207,-0.003194171738738983,0.015267275668730379,HINDUNILVR.NS
23,0.0006272707828583816,0.014881641507515302,-0.003087530246361674,0.014792662638572745,HINDUNILVR.NS
24,0.0006054723742622064,0.01441421343930074,-0.0029837257816964376,0.014333239015697549,HINDUNILVR.NS
25,0.0005850213992182777,0.013962061662007265,-0.002882914318844301,0.013888497705462683,HINDUNILVR.NS
26,0.0005658329180501558,0.01352469266580376,-0.0027851552002136288,0.01345795469514164,HINDUNILVR.NS
27,0.0005478273812371295,0.013101629527630845,-0.002690447774564502,0.013041145853212626,HINDUNILVR.NS
28,0.000530930285201685,0.0126924110167643,-0.0025987546044245443,0.012637624728996062,HINDUNILVR.NS
29,0.0005150718509169666,0.012296590935623065,-0.002510016151006585,0.01224696099264785,HINDUNILVR.NS
30,0.0005001867233378317,0.011913737567753411,-0.0024241600516498926,0.011868739286854781,HINDUNILVR.NS
31,0.0004862136901100957,0.011543433179405368,-0.0023411069667625675,0.011502558344938735,HINDUNILVR.NS
32,0.0004730954182415415,0.011185273552112084,-0.002260774250953556,0.011148030282989933,HINDUNILVR.NS
33,0.0004607782075547862,0.01083886753658709,-0.002183078244624595,0.010804780007239329,HINDUNILVR.NS
34,0.0004492117598385391,0.010503836623629357,-0.0021079356913459345,0.010472444699201286,HINDUNILVR.NS
35,0.0004383489626914363,0.010179814529973477,-0.002035264601684966,0.010150673354657308,HINDUNILVR.NS
36,0.00042814568712023327,0.009866446797965433,-0.001964984766962176,0.009839126361148375,HINDUNILVR.NS
37,0.00041856059801536623,0.009563390408345399,-0.0018970180520297825,0.009537475104104054,HINDUNILVR.NS
38,0.0004095549766833828,0.009270313405595955,-0.0018312885489636065,0.009245401595208293,HINDUNILVR.NS
39,0.0004010925546682856,0.00898689453539482,-0.0017677226436002696,0.00896259811880803,HINDUNILVR.NS
40,0.0003931393581428955,0.008712822893753485,-0.0017062490278394703,0.008688766893575728,HINDUNILVR.NS
1,0.013140615047306476,0.2987726934781232,0.07688953358038418,0.21048470061013552,LT.NS
2,0.005959097972934804,0.18232275549268356,0.044050108399941654,0.12707821295687705,LT.NS
3,0.003274422569701345,0.11271217279302037,0.024271073652686694,0.07685599097550462,LT.NS
4,0.002238901077972636,0.07179326925378783,0.012389657789078194,0.04662512921063975,LT.NS
5,0.0018102431718321308,0.04857325868050066,0.005282882517078237,0.028326883807474338,LT.NS
6,0.0016068249769381241,0.036145032206179775,0.0010616831754714643,0.027080060564011285,LT.NS
7,0.0014887951383088323,0.029882368868886233,-0.0014165859533181969,0.02615432331925474,LT.NS
8,0.0014047874945458153,0.026743799110839312,-0.002843048085276762,0.025278885316675433,LT.NS
9,0.0013358275986430886,0.02500957186348841,-0.0036356933474257654,0.024444138247894397,LT.NS
10,0.0012748055700237528,0.02386426191227155,-0.004047290457920025,0.023643935636210322,LT.NS
11,0.0012189638333081042,0.022964533423648716,-0.004230664836028257,0.022874236027504668,LT.NS
12,0.0011671474596170127,0.022174072403308168,-0.004278186705335147,0.022132281871366493,LT.NS
13,0.0011187973377177988,0.021439891676030432,-0.0042456582423704686,0.021416102464884762,LT.NS
14,0.0010735811426105296,0.0207413306525188,-0.004166763358611461,0.02072421294044162,LT.NS
15,0.0010312577328713125,0.02007009090322054,-0.0040618086094499845,0.02005543185575501,LT.NS
16,0.0009916270030747168,0.01942258233208395,-0.0039430106800809935,0.01940877053955337,LT.NS
17,0.0009545110407537743,0.018797012797028615,-0.003817694820868673,0.018783365853964475,LT.NS
18,0.0009197467703353301,0.018192284742048398,-0.0036902295718812097,0.01817843923043403,LT.NS
19,0.0008871828301435145,0.017607577146680733,-0.0035631970431217923,0.01759327160855982,LT.NS
20,0.0008566780261313021,0.017042186937751835,-0.0034381007679561227,0.01702718800411028,LT.NS
21,0.0008281003885173978,0.016495468574478006,-0.0033157938268455985,0.01647954791081074,LT.NS
22,0.0008013264733067434,0.015966810777893102,-0.003196737758895514,0.015949739239673143,LT.NS
23,0.0007762407761216065,0.015455627320772132,-0.003081159115660248,0.015437174406553695,LT.NS
24,0.0007527352083697281,0.014961353147855991,-0.0029691440988742846,0.01494128772724013,LT.NS
25,0.0007307086160959846,0.014483442524619703,-0.00286069574609752,0.01446153361124909,LT.NS
26,0.0007100663330472096,0.014021367965635977,-0.0027557684630073113,0.01399738524628544,LT.NS
27,0.0006907197636545173,0.013574619469841826,-0.002654288854340798,0.013548333586774139,LT.NS
28,0.0006725859932422397,0.013142703883549645,-0.0025561682686757337,0.013113886533354881,LT.NS
29,0.0006555874234319322,0.012725144323048412,-0.0024613103327419546,0.01269356823468899,LT.NS
30,0.0006396514310186398,0.012321479630624792,-0.0023696154567289253,0.012286918469829444,LT.NS
31,0.0006247100487726781,0.011931263853718725,-0.0022809835091504587,0.01189349208568358,LT.NS
32,0.0006106996667436382,0.011554065742948698,-0.0021953153862344405,0.011512858473955489,LT.NS
33,0.0005975607527437001,0.011189468267026884,-0.0021125139143202197,0.011144601077921326,LT.NS
34,0.0005852375907757175,0.010837068143462414,-0.00203248435044807,0.010788316923009899,LT.NS
35,0.0005736780362521826,0.010496475384291005,-0.0019551346414950314,0.010443616167353164,LT.NS
36,0.0005628332869258821,0.010167312856210921,-0.0018803755388001858,0.01011012166980654,LT.NS
37,0.0005526576685226689,0.009849215854566787,-0.0018081206268653488,0.009787468573750093,LT.NS
38,0.0005431084341317933,0.009541831690657369,-0.001738286301516568,0.009475303905479574,LT.NS
39,0.000534145576470032,0.009244819291866373,-0.0016707917188793196,0.009173286186303082,LT.NS
40,0.000525731652192709,0.008957848814132013,-0.0016055587280334222,0.008881085057648345,LT.NS
1,0.012665979429609557,0.292597980057304,0.07569693539370893,0.20661084524261755,SUNPHARMA.NS
2,0.0057540092026866305,0.18016623915079333,0.04398330059427491,0.12605361429437692,SUNPHARMA.NS
3,0.0031245828515673022,0.11218259929343995,0.024681763935616597,0.07684197318952397,SUNPHARMA.NS
4,0.0020969971183705614,0.07166926042189985,0.012961840397634974,0.04696920338783516,SUNPHARMA.NS
5,0.0016702292084330723,0.048261590921899515,0.00587206735997967,0.028801731053527575,SUNPHARMA.NS
6,0.0014703779274463063,0.03544379358146613,0.00160910841701968,0.0253845761501992,SUNPHARMA.NS
7,0.0013576889152433413,0.028851066207602836,-0.0009288421396374862,0.024570206529452594,SUNPHARMA.NS
8,0.0012798364248206566,0.025538988931619044,-0.002414940112356076,0.023796116696286895,SUNPHARMA.NS
9,0.001217145312898199,0.023757584655371578,-0.003260428203933544,0.023055128858115642,SUNPHARMA.NS
10,0.0011621390535618847,0.022634567477671105,-0.0037165162312778263,0.022342596386438634,SUNPHARMA.NS
11,0.001111903447207582,0.021788333363510423,-0.003936632362472955,0.021655427269149315,SUNPHARMA.NS
12,0.001065235116315319,0.02106314112244997,-0.004014460073711404,0.020991487169629428,SUNPHARMA.NS
13,0.0010215764368879672,0.020397226175130487,-0.00400717958625826,0.020349234442529396,SUNPHARMA.NS
14,0.000980617465746378,0.019766199141357462,-0.003949668878424998,0.01972749688813974,SUNPHARMA.NS
15,0.0009421469177708561,0.019160262741634612,-0.0038631807776125086,0.019125335119648153,SUNPHARMA.NS
16,0.0009059961508654005,0.01857528000782186,-0.0037606448037522853,0.018541958859893206,SUNPHARMA.NS
17,0.0008720178985744219,0.01800930960829017,-0.0036499066552844427,0.017976675586022017,SUNPHARMA.NS
18,0.0008400779974595274,0.017461267397280655,-0.0035357075464754672,0.01742885894598581,SUNPHARMA.NS
19,0.0008100519864310838,0.016930410027092314,-0.0034208935653613167,0.016897929262385585,SUNPHARMA.NS
20,0.0007818235441218363,0.01641613565500943,-0.003307154557754466,0.016383341428066515,SUNPHARMA.NS
21,0.0007552836304119874,0.01591790685459269,-0.0031954755424364783,0.015884577324143015,SUNPHARMA.NS
22,0.0007303299076638118,0.015435220611333093,-0.0030864124780914603,0.015401141007050931,SUNPHARMA.NS
23,0.000706866282165887,0.014967596462806263,-0.0029802607070112735,0.014932555593079207,SUNPHARMA.NS
24,0.0006848025052676374,0.014514571636501803,-0.0028771578237666963,0.014478361185466812,SUNPHARMA.NS
25,0.0006640538106995615,0.014075698892085903,-0.0027771464779396534,0.014038113443733296,SUNPHARMA.NS
26,0.0006445405784503655,0.01365054541441031,-0.002680212697523754,0.013611382550469902,SUNPHARMA.NS
27,0.0006261880208056045,0.01323869212011203,-0.002586309256718876,0.013197752425874476,SUNPHARMA.NS
28,0.0006089258881558499,0.01283973313212137,-0.002495369907278047,0.012796820098398776,SUNPHARMA.NS
29,0.0005926881929767837,0.012453275327159594,-0.0024073180289860443,0.012408195175374313,SUNPHARMA.NS
30,0.0005774129507237144,0.012078937919374007,-0.0023220718717492277,0.012031499379176695,SUNPHARMA.NS
31,0.0005630419365507815,0.011716352065627836,-0.0022395477166706227,0.011666366127747182,SUNPHARMA.NS
32,0.0005495204568659864,0.01136516048658795,-0.0021596617671068782,0.011312440146397807,SUNPHARMA.NS
33,0.000536797134806721,0.011025017101083388,-0.002082331265186696,0.010969377102782835,SUNPHARMA.NS
34,0.0005248237087815403,0.01069558667249924,-0.002007475136484021,0.010636843259951772,SUNPHARMA.NS
35,0.000513554843278265,0.010376544466478472,-0.0019350143477447925,0.010314515144257871,SUNPHARMA.NS
36,0.0005029479511883657,0.010067575919405752,-0.0018648720905923375,0.010002079226032176,SUNPHARMA.NS
37,0.0004929630269439412,0.009768376317235808,-0.0017969738601614996,0.00969923161163417,SUNPHARMA.NS
38,0.0004835624898069229,0.009478650484269316,-0.0017312474707434373,0.009405677745919971,SUNPHARMA.NS
39,0.0004747110366907348,0.009198112481502463,-0.0016676230341079751,0.009121132124435199,SUNPHARMA.NS
40,0.000466375503932677,0.00892648531419408,-0.001606032916142424,0.008845318014807134,SUNPHARMA.NS
1,0.013301859675215471,0.3018956764821613,0.07775948365354493,0.2121715930347043,MARUTI.NS
2,0.00597678477024751,0.18371369897621467,0.04457149199277009,0.12835511600510585,MARUTI.NS
3,0.0032544736193893566,0.11315737976862868,0.024616489440322933,0.07774094343307612,MARUTI.NS
4,0.0022126708963926683,0.0716986464414968,0.012647060491538551,0.047170082992413,MARUTI.NS
5,0.0017863099076442512,0.048153389411573,0.005495666879506884,0.028699037235756234,MARUTI.NS
6,0.001587092520026353,0.03553883144602137,0.001250293602152505,0.02634934202988204,MARUTI.NS
7,0.0014733455449521613,0.02919876252079555,-0.0012431755189901326,0.02543913420803654,MARUTI.NS
8,0.0013932764898873927,0.02605503662781835,-0.0026813507074864512,0.024592623115965936,MARUTI.NS
9,0.0013278555667463412,0.024349999203106414,-0.003484669484130118,0.023793887845415612,MARUTI.NS
10,0.0012700013620697427,0.023245658114604124,-0.0039068591132406585,0.023033024677156882,MARUTI.NS
11,0.0012169955326569789,0.02238921132689452,-0.004101013955552051,0.022303771401360136,MARUTI.NS
12,0.0011677181704086196,0.021641096936784,-0.004159483240720864,0.021602072939591998,MARUTI.NS
13,0.0011216398449654628,0.02094737941949032,-0.0041379493988956345,0.02092521519637805,MARUTI.NS
14,0.0010784538092942653,0.020287197909827744,-0.004069962963529268,0.02027130193361873,MARUTI.NS
15,0.0010379415102769953,0.019652274403398236,-0.003975716548401615,0.01963893872065658,MARUTI.NS
16,0.000999923144120603,0.01903909587488175,-0.0038673412216477334,0.019027041894657964,MARUTI.NS
17,0.0009642392290580499,0.018445956967943745,-0.003752103613541931,0.018434722991983392,MARUTI.NS
18,0.0009307435061241935,0.01787184483429077,-0.0036343357963802268,0.017861218745684485,MARUTI.NS
19,0.0008992999917115863,0.017316018939553667,-0.003516600199609337,0.017305848596691834,MARUTI.NS
20,0.0008697815653948226,0.016777852587591,-0.0034003927532525015,0.01676798882103685,MARUTI.NS
21,0.0008420691381810713,0.016256772943317618,-0.0032865672832314828,0.01624705669446083,MARUTI.NS
22,0.0008160510519401965,0.015752238122348865,-0.0031755916414231795,0.015742500722964486,MARUTI.NS
23,0.0007916225815270877,0.015263728234765843,-0.003067702263774854,0.015253794541703908,MARUTI.NS
24,0.0007686854916292548,0.014790741688356566,-0.002962997416090621,0.014780433034706131,MARUTI.NS
25,0.0007471476297856676,0.014332793480547364,-0.00286149343029079,0.014321929801397942,MARUTI.NS
26,0.0007269225478077748,0.01388941424843899,-0.0027631586015563173,0.013877815442155862,MARUTI.NS
27,0.0007079291478264282,0.013460149613758899,-0.002667933602142698,0.013447636344082204,MARUTI.NS
28,0.0006900913507022488,0.013044559648193246,-0.002575743757628324,0.013030953774385248,MARUTI.NS
29,0.0006733377851437507,0.012642218393133377,-0.0024865064125262114,0.012627343164905326,MARUTI.NS
30,0.0006576014961503926,0.0122527134087222,-0.002400135333148108,0.012236393517317512,MARUTI.NS
31,0.000642819671545623,0.011875645342456005,-0.002316543323513843,0.011857706886303887,MARUTI.NS
32,0.0006289333854643491,0.011510627513388744,-0.002235643764022429,0.01149089791475418,MARUTI.NS
33,0.0006158873577380995,0.011157285510172593,-0.002157351501254691,0.011135593405178848,MARUTI.NS
34,0.0006036297281898425,0.010815256802000746,-0.002081583347443319,0.010791431917636823,MARUTI.NS
35,0.0005921118449129275,0.010484190361838409,-0.0020082583456270406,0.010458063388176564,MARUTI.NS
36,0.0005812880656665419,0.010163746301457187,-0.0019372978946215085,0.010135148764025959,MARUTI.NS
37,0.0005711155715741232,0.009853595517844739,-0.0018686257905848487,0.009822359653121655,MARUTI.NS
38,0.000561554192361767,0.009553419350589955,-0.001802168219408043,0.00951937798639006,MARUTI.NS
39,0.0005525662424210805,0.009262909249861586,-0.0017378537205510625,0.00922589569169231,MARUTI.NS
40,0.0005441163670253737,0.008981766454613413,-0.0016756131347320205,0.008941614378652823,MARUTI.NS
