ticker,name,sector,mean,std,skew,kurtosis,jb_stat,p_value,reject_normal_5pct
RELIANCE.NS,Reliance Industries,Energy,0.0004825613038012503,0.01745400708878807,0.3504455791396246,13.790999358570701,8083.017879676904,0.0,True
TCS.NS,Tata Consultancy Services,IT,0.000196548002806715,0.015597456106166854,-0.016242359192854345,7.763399847567371,1567.113243463479,0.0,True
HDFCBANK.NS,HDFC Bank,Banking,0.00024447554500188945,0.016102120136785022,-0.18006111127440666,11.533485718699229,5041.570998855282,0.0,True
ICICIBANK.NS,ICICI Bank,Banking,0.0007263492277815236,0.018201909519821976,-0.37358443103740335,16.165171471357866,12020.473296834998,0.0,True
SBIN.NS,State Bank of India,Banking,0.0008727072197231186,0.01923702980209903,-0.3214146530712973,11.229237064892077,4708.659469025948,0.0,True
BHARTIARTL.NS,Bharti Airtel,Telecom,0.0009812826219920759,0.016800636443764227,0.2813046397884501,8.559926147048788,2157.380414847241,0.0,True
INFY.NS,Infosys,IT,0.00046379050195631674,0.017704288851656803,0.056789503847441115,8.46016943846567,2060.30258781913,0.0,True
ITC.NS,ITC,FMCG,0.00036722642112102283,0.015320793857692241,-0.5048247112192624,13.329334685683317,7445.5119700980495,0.0,True
HINDUNILVR.NS,Hindustan Unilever,FMCG,0.00014084267010654788,0.014617024837108845,0.8208564476364403,12.973716822399359,7062.6903017331815,0.0,True
LT.NS,Larsen & Toubro,Capital Goods,0.0008364897902450047,0.017455305749426383,-0.527459096074773,12.136553139958286,5846.625433466871,0.0,True
SUNPHARMA.NS,Sun Pharmaceutical,Pharma,0.0010112602919054023,0.015360885345475538,0.47777304125235653,9.789018158012446,3248.028343598443,0.0,True
MARUTI.NS,Maruti Suzuki,Auto,0.000462375578119538,0.017908467177018418,0.11580943673282379,15.151499093722764,10210.892712859984,0.0,True
