mean,variance,vol,skew,kurtosis,sharpe,largest_weight,n_names,portfolio,exp_return,RELIANCE.NS,TCS.NS,HDFCBANK.NS,ICICIBANK.NS,SBIN.NS,BHARTIARTL.NS,INFY.NS,ITC.NS,HINDUNILVR.NS,LT.NS,SUNPHARMA.NS,MARUTI.NS
0.000500725455980463,0.00013333892755412055,0.011547247618117512,-0.4055762542384113,13.381718399326633,0.021025698597042435,0.28426940889981567,11,nsga3_01,0.000500725455980463,0.04840332196737629,0.26477609069252545,0.01502565633716437,0.0009490203695304692,0.021198882165549122,0.13974735753330547,0.28426940889981567,0.030951864073630705,0.04767900208146058,0.019418987179787687,0.07319386842470631,0.054386540275147804
0.0007685587383981374,0.00012062834484623119,0.01098309359179968,-0.30747315347776866,19.108675291832252,0.04649165794625259,0.3000000000009623,7,nsga3_02,0.0007685587383981374,0.1229703323422616,0.031364167840618275,0.006509437636243069,0.04207460366762275,0.003152375162974163,0.3,0.12828856896322496,0.003879792128885452,0.05992703274478678,0.0004685801392023892,0.3000000000009623,0.001365109373218329
0.00043797049213168066,0.00011686491139063501,0.010810407549701122,-0.06283202121675861,17.35445696706641,0.016653764751001467,0.2608622861656403,10,nsga3_03,0.0004379704921316806,0.03271630685825734,0.21233618026228973,0.001985256727402533,0.015545607052020058,0.017925017251847534,0.12861519139886293,0.20834133483353226,0.0015475722933149519,0.2608622861656403,0.014986471900020863,0.057817916110124636,0.04732085914668683
0.0007717537878508344,0.00011577624192413823,0.01075993689220054,-0.7826762184544237,22.065948638735943,0.04775281538005791,0.29999999999999993,9,nsga3_04,0.0007717537878508346,0.052872073717660256,0.052111877184099785,0.00233891756509742,0.061076163570549395,0.002396214729192703,0.24376670733932954,0.05243920347522875,0.07400980132831587,0.009137746693928835,0.0649957012286197,0.29999999999999993,0.08485559316797767
0.0005466389288457775,0.00012126134364099399,0.01101187284892965,-0.10786097346852493,17.274499290578227,0.02621737690490418,0.3,10,nsga3_05,0.0005466389288457775,0.04000359586307015,0.04714993204609367,0.010523106013546004,0.0044809031711113695,0.028703620558336588,0.3,0.2563687269187098,0.033043694862424124,0.23376457820208527,0.010881030313654618,0.006418876389357495,0.02866193566161081
0.0006702117544519895,0.0001261122280643221,0.011229970082966476,-0.5889653872263485,14.655233643263722,0.03671205207757562,0.25387283492723356,8,nsga3_06,0.0006702117544519894,0.012236856387999708,0.17525176984899943,0.004204922420225955,0.01540810733660762,0.001972370554605826,0.1552093606256748,0.2525519632255098,0.002265352951157227,0.0035699177319704614,0.08375895038942725,0.25387283492723356,0.039697593600588346
0.0006234999965226283,0.00010057677000457762,0.010028797036762566,-0.36304018146208705,23.692114653703204,0.03645137968652413,0.2666589479637481,11,nsga3_07,0.0006234999965226283,0.03954374149420293,0.05662261751136444,0.005605015373866203,0.026062206261647698,0.023218825011538075,0.16245093642534442,0.0674234879033079,0.06034773030931806,0.2225786366090491,0.018024625272836495,0.2666589479637481,0.05146322986377645
0.000542093766824846,9.913070334388024e-05,0.009956440294798148,-0.3575686804341638,20.940329179843584,0.028540045485613886,0.23540321195987018,11,nsga3_08,0.0005420937668248459,0.018844758335476875,0.21027579864765528,0.0034323373895593775,0.015601148100187322,0.034435296798007727,0.1056439414543341,0.02751111923032356,0.04174119537574258,0.23523068741626624,0.03547882391684265,0.23540321195987018,0.03640168137573415
0.0006706241526289619,0.00010810954349357013,0.010397573923448207,-0.09770939850502604,21.643024211775934,0.03969076322331084,0.2633001515814988,10,nsga3_09,0.0006706241526289619,0.0344974488680909,0.022691546962348336,0.006610472764070121,0.013231244173168743,0.013795793267145686,0.2633001515814988,0.09556684260879782,0.0025781069604091872,0.24155774681207837,0.011823292613370985,0.25979665728686036,0.03455069610216075
0.0005277440938140309,0.00011213870935829162,0.010589556617644179,-0.09991687912010495,20.731392509101966,0.025478648032153974,0.27266255293234465,10,nsga3_10,0.0005277440938140309,0.04179251302711008,0.07117601948833717,0.0023639524334510467,0.0204832661912473,0.022719549324184296,0.22251932375993896,0.19633269087175126,0.0019962241266557137,0.27266255293234465,0.02803525349212525,0.056219201822771,0.06369945253008341
0.000834546279795336,0.00012510632366094263,0.01118509381547346,-0.7693729559035528,18.446278451726165,0.0515516258845452,0.30000000000082094,9,nsga3_11,0.000834546279795336,0.009249553698332014,0.07119616947207746,0.03185368217711864,0.02337227982728333,0.04291863763358279,0.30000000000082094,0.03454707690732926,0.0037266138456360943,0.001059192589108867,0.1453540498581687,0.3,0.036722743990542005
0.0006574106669480598,0.00011224957203304771,0.010594789853180086,-0.7398238947033191,17.833947676795738,0.037704774190650645,0.279649272194795,10,nsga3_12,0.0006574106669480598,0.045196852024657584,0.2212994796436927,0.003759429223628696,0.035386271919264044,0.0031016266313841404,0.13480651120548479,0.1016527645121537,0.05564140232053739,0.011514619798553588,0.07634346260279241,0.279649272194795,0.031648307923055854
0.0005450229960967322,0.00010046842266172729,0.010023393769663411,-0.10506216565069476,24.200827407199515,0.028641645210937837,0.2936155033018859,10,nsga3_13,0.0005450229960967322,0.05395932066787869,0.11081170901116341,0.0029611370295928854,0.020761112267643312,0.008718479991622745,0.12950058685289537,0.02569030199219498,0.033812980904753515,0.2936155033018859,0.013275169529545772,0.2332460147678991,0.07364768368292429
0.0006242609549153852,9.975395982568454e-05,0.00998769041499007,-0.6639608533762228,22.257825055047515,0.03667759329314789,0.24330717282709505,11,nsga3_14,0.0006242609549153852,0.020241067150219404,0.1342370665043969,0.006155184754824818,0.01632279483944308,0.023885506959857836,0.1799422576529924,0.04666346551138122,0.1082597909955018,0.12949755355420015,0.02497577582889998,0.24330717282709505,0.06651236342118741
0.0005535100612859986,0.00011243543970180343,0.01060355787940083,-0.31831199420365347,16.66274925023319,0.027874941289629904,0.2507195292576216,10,nsga3_15,0.0005535100612859987,0.03426184070565639,0.2048602115170747,0.003618732810056024,0.011121412679991326,0.018287521064193183,0.08747434077861746,0.19818302593569603,0.029358657985128225,0.1421819187521056,0.0012595745709573255,0.2507195292576216,0.01867323394290214
0.0006950082091070287,0.00010877106744195891,0.010429336864919021,-0.2863296041265199,20.341537148058737,0.04190790908678875,0.25742634541176806,11,nsga3_16,0.0006950082091070287,0.026558462839144217,0.018313534290472555,0.0005723327651471653,0.013876000194837224,0.020331813865130798,0.25742634541176806,0.1463741474810655,0.013489488194215315,0.19463259907770308,0.03922939526417083,0.25594513183750456,0.013250748778840846
0.0006520229291962391,0.00012595285049296637,0.011222871757841946,-0.4458155541903578,16.91251073013474,0.035114579384226186,0.3,10,nsga3_17,0.0006520229291962391,0.059933227008030866,0.029540610814094842,0.008297205559499362,0.0014652580658475534,0.0178550471092681,0.3,0.3,0.03916749048380149,0.06274659033366321,0.02398650577619579,0.08966638803888766,0.0673416768107111
