ticker,model,mse,mae,smape,n_test,n_pcs
RELIANCE.NS,linear,0.00018655631043815768,0.010407556327756301,80.91784468545664,434,2
RELIANCE.NS,random_forest,0.00017452755390289575,0.009888036373977314,93.38905016850053,434,2
RELIANCE.NS,grad_boost,0.00018381301109865122,0.010169360532782027,81.44661840038266,434,2
RELIANCE.NS,cnn_sgd_hybrid,0.0003020991028236959,0.013167974421666246,72.09201383611398,434,2
TCS.NS,linear,0.00027625868738691473,0.011994003435555116,83.87179547964607,434,2
TCS.NS,random_forest,0.0002642215065571581,0.011535124795700083,88.48827752617107,434,2
TCS.NS,grad_boost,0.00027513632664360967,0.011887504545643917,80.48041178367937,434,2
TCS.NS,cnn_sgd_hybrid,0.0004323482477992536,0.01563095575193466,73.05437049075051,434,2
HDFCBANK.NS,linear,0.00016746182570966022,0.009416571602443273,77.6508799865026,434,2
HDFCBANK.NS,random_forest,0.00015689403755750738,0.009116054525492643,93.57804540292118,434,2
HDFCBANK.NS,grad_boost,0.0001569068517494061,0.009212007899769283,80.93027406744177,434,2
HDFCBANK.NS,cnn_sgd_hybrid,0.00023432740260351226,0.01153818206345102,72.91559747469512,434,2
ICICIBANK.NS,linear,0.00014684337360613297,0.00898956186274039,74.45266271907387,434,2
ICICIBANK.NS,random_forest,0.0001357223863022196,0.008669082639247792,83.38576918956797,434,2
ICICIBANK.NS,grad_boost,0.0001388574703820748,0.008737717220289438,83.95328427355649,434,2
ICICIBANK.NS,cnn_sgd_hybrid,0.00020889343536513203,0.010800042053148214,72.85808839339802,434,2
SBIN.NS,linear,0.00020394220640724962,0.010446001476547204,79.61847616337965,434,2
SBIN.NS,random_forest,0.00034673931281377314,0.014620858637631507,77.75923570499086,434,2
SBIN.NS,grad_boost,0.00022492618941025397,0.011083161001338222,76.10677025212453,434,2
SBIN.NS,cnn_sgd_hybrid,0.0002853057424379758,0.012459301896699075,72.5901953706388,434,2
BHARTIARTL.NS,linear,0.00019597183460958757,0.010737563428252182,75.13826950678869,434,2
BHARTIARTL.NS,random_forest,0.00017076369741722737,0.009716702641544846,84.1523769977119,434,2
BHARTIARTL.NS,grad_boost,0.00018126103382596576,0.010086559350068088,79.7385253836516,434,2
BHARTIARTL.NS,cnn_sgd_hybrid,0.0002772957054270042,0.01284162614602752,73.62480407001193,434,2
INFY.NS,linear,0.0003367179174199221,0.013303469556784298,83.2514671963621,434,2
INFY.NS,random_forest,0.0003318150098882766,0.01306328898326723,87.79517792164943,434,2
INFY.NS,grad_boost,0.00034608815390153945,0.013558175939410095,80.76050754231956,434,2
INFY.NS,cnn_sgd_hybrid,0.0004969849811058409,0.0165481708055778,71.59684112434283,434,2
ITC.NS,linear,0.00015307272907956894,0.008769054521258762,79.99201254242654,434,2
ITC.NS,random_forest,0.00014876824890620201,0.008548905956542993,85.14029705239051,434,2
ITC.NS,grad_boost,0.00015272615765208163,0.008729583017450079,77.97915238776167,434,2
ITC.NS,cnn_sgd_hybrid,0.00025279819281861864,0.011343586797569086,72.16796177838307,434,2
HINDUNILVR.NS,linear,0.00017849295558924988,0.009889254749273354,79.84357810581139,434,2
HINDUNILVR.NS,random_forest,0.0001705588459786207,0.009585108873017306,94.00664646366565,434,2
HINDUNILVR.NS,grad_boost,0.0001779077707997642,0.009791176263891197,78.21832624182531,434,2
HINDUNILVR.NS,cnn_sgd_hybrid,0.00029493135636971305,0.013104050419757951,73.15656141695729,434,2
LT.NS,linear,0.00025583384450835736,0.011170488368189797,77.70694377399793,434,2
LT.NS,random_forest,0.00025529017895306735,0.011049445900097122,81.74278211762334,434,2
LT.NS,grad_boost,0.0002775744250864075,0.012114977215930812,74.39595433403905,434,2
LT.NS,cnn_sgd_hybrid,0.000376042405682255,0.013262874519064063,71.24443132582424,434,2
SUNPHARMA.NS,linear,0.00017801612255078362,0.010042536149748578,75.37414256597133,434,2
SUNPHARMA.NS,random_forest,0.00016873331529794431,0.009434931845740452,81.77318024404505,434,2
SUNPHARMA.NS,grad_boost,0.00016789945877679235,0.009519601358144995,79.11609878868123,434,2
SUNPHARMA.NS,cnn_sgd_hybrid,0.0002784259180797178,0.012720401281251308,74.28239344477501,434,2
MARUTI.NS,linear,0.00023844310878678475,0.011200257978530033,75.52853007162543,434,2
MARUTI.NS,random_forest,0.00021818554757251335,0.01068355731683872,80.1144966237425,434,2
MARUTI.NS,grad_boost,0.0002291670458622606,0.011058820918351402,72.74445397939948,434,2
MARUTI.NS,cnn_sgd_hybrid,0.00035189851053593916,0.013676356547660392,74.58559747848508,434,2
