fold,train_start,train_end,test_start,test_end,n_test_days,equal_ann_return,equal_sharpe,equal_cvar,min_var_ann_return,min_var_sharpe,min_var_cvar,max_sharpe_ann_return,max_sharpe_sharpe,max_sharpe_cvar,nsga3_ann_return,nsga3_sharpe,nsga3_cvar,nifty_ann_return,nifty_sharpe,nifty_cvar
1,2020-01-02,2022-01-11,2022-01-12,2022-04-13,63,0.008288348781419597,-0.27611166779779917,0.029037035465656322,0.014087830104175358,-0.2669656617955747,0.023099275474373692,0.04653633051359529,-0.09721567184287849,0.023346466922333484,0.012887559401118853,-0.26973584994152183,0.023204231729636444,-0.10150360246034562,-0.7878903435325204,0.0321229628233652
2,2020-04-03,2022-04-13,2022-04-18,2022-07-14,63,-0.11025550584623289,-1.0085361044371433,0.021395206194980296,-0.052885072446756776,-0.6375799124208175,0.01974320093391803,-0.29146486728949617,-1.9439499625913654,0.026356006246759742,-0.2511529770265877,-1.8298255574926459,0.023334775194480076,-0.2958933229881734,-2.210995147882648,0.024515102510777625
3,2020-07-08,2022-07-14,2022-07-15,2022-10-17,63,0.4720934849695795,2.3202135250064884,0.015424458622937249,0.3577443305755821,1.7768957948912727,0.016017883417786753,0.5351337548533752,2.228193077473957,0.01710421768385138,0.5904276991972532,2.6245834528991616,0.01600786893838123,0.4079808495480186,1.805372575964238,0.017392295547640074
4,2020-10-06,2022-10-17,2022-10-18,2023-01-16,63,0.18125248785732806,0.9788084104209415,0.012405834300584728,0.13776923757111748,0.6384772666866693,0.01100707766871226,0.2158189346684085,1.1233633736120874,0.014216952158359993,0.2881820244244526,1.7195633867852778,0.012653874275441067,0.14820296748320017,0.680154528274091,0.012891667211859675
5,2021-01-06,2023-01-16,2023-01-17,2023-04-21,63,-0.02014366119441724,-0.8119567833777893,0.011692600367455196,0.06338241048280135,-0.03465951272900241,0.009874925559349927,0.10438512085236251,0.28295744709929166,0.012954191475345538,0.0011167400991860532,-0.5488599345605253,0.014007037844707698,-0.053443615921769494,-1.0799497907578774,0.014674656398599899
6,2021-04-09,2023-04-21,2023-04-24,2023-07-21,63,0.6164490864161425,5.188411809099099,0.007505903565909344,0.5725745603737091,4.535126621633008,0.009827795861648121,0.8401590778008465,5.606133736964849,0.009006719019075899,0.7805487956830841,5.686922559580118,0.00819558923444356,0.5807793501289684,4.7447258084004105,0.009136709314656075
7,2021-07-12,2023-07-21,2023-07-24,2023-10-23,63,-0.03991950353555063,-1.3333067494668118,0.009360405926539965,-0.0759507516163006,-1.794259526092611,0.00913992239344856,0.014244118790121885,-0.49676537304836116,0.010196943525253906,-0.012106568320042532,-0.7988754868301985,0.010420050489786375,-0.08740553588135347,-1.8563145104867529,0.011285484078180273
8,2021-10-12,2023-10-23,2023-10-25,2024-01-25,63,0.5137561736242433,3.126879067812454,0.013529652199551222,0.48824537132355195,3.4263301385016605,0.011045879325225053,0.683361929570607,4.005132047250833,0.011629729677512697,0.6989372150827169,4.162943349529719,0.011375961297713899,0.5143360927071048,2.9537040349270867,0.0166524418653494
9,2022-01-12,2024-01-25,2024-01-29,2024-05-02,63,0.33505084754428416,2.1531542110268798,0.011459768472871768,0.31734747166453103,2.032466006553456,0.011893814860392763,0.24201769602251888,1.2205718396744614,0.015321407749676233,0.27981078143168414,1.496596540963638,0.015190914098176897,0.2729508945627179,1.6370551605208679,0.012008686727238649
10,2022-04-18,2024-05-02,2024-05-03,2024-08-02,63,0.5531988390793827,2.4371175213850154,0.020535996651263204,0.5957453156584713,3.0295500145858907,0.014459976361257926,0.46990487136870285,1.6850185932755006,0.029875271468507568,0.4398644149740045,1.6997311579178385,0.025705760560801177,0.4420421972246005,1.6645471413342832,0.024342582242839753
11,2022-07-15,2024-08-02,2024-08-05,2024-11-01,63,-0.02917162227707859,-0.8348524463498659,0.017719447023834677,0.017648143868825628,-0.4449265726014675,0.014032558368431364,0.19780118504854105,0.9965592786991636,0.01391631307261449,0.14308906413181122,0.6385832298830685,0.013365331906245743,-0.05796788450044055,-0.995978866292743,0.018628228586375674
12,2022-10-18,2024-11-01,2024-11-04,2025-02-01,63,-0.0008366333885979627,-0.5108421176629023,0.013091642692788105,0.007735250038344521,-0.48601884902832476,0.011784205815375473,-0.09472066752202735,-1.136638106680379,0.016058355512443483,-0.04304217016049228,-0.8257977052021567,0.013802517982981162,-0.1205537267567296,-1.4150039171640698,0.015251617376100401
13,2023-01-17,2025-02-01,2025-02-03,2025-05-09,63,-0.013249469766093536,-0.545688984838889,0.019958054189068004,-0.018907543162195894,-0.6253457846741519,0.018209612884936277,0.1684822385537843,0.5239706280311247,0.02182197092523114,0.05612324433544935,-0.06575650148327189,0.020539590380456864,0.10510488946921215,0.23028275315203517,0.02024517439751345
14,2023-04-24,2025-05-09,2025-05-12,2025-08-06,63,0.07188120357720229,0.03955478816129772,0.010830994968961442,0.03386006797040131,-0.3283404255584161,0.01049768232422552,0.036467115264236405,-0.25569448770234937,0.01302628072058162,-0.01619851248401183,-0.7139822970885229,0.012961288841702969,0.10611164799943995,0.28699037119969767,0.010858357282756876
15,2023-07-24,2025-08-06,2025-08-07,2025-11-10,63,0.23191239105687278,1.8414896805801138,0.00837389013515796,0.08696978487602158,0.21606067845745183,0.00933166966113754,0.19658691937295747,1.1920113531933083,0.012809338955534554,0.16453646813967215,0.9840951026760016,0.010990336867910457,0.17693138721732016,1.1888816174668144,0.00943499015964925
16,2023-10-25,2025-11-10,2025-11-11,2026-02-10,63,0.01840089373071252,-0.5209496961791615,0.010119396003025468,-0.07184034981650833,-1.4624212734167936,0.012848268773396747,0.21686228865298984,1.0981222103518649,0.01142412577386698,0.20296935560237284,1.1379588731766357,0.009776959147702255,0.06256678476972044,-0.04419666970901177,0.010650994427779475
17,2024-01-29,2026-02-10,2026-02-11,2026-05-18,63,-0.34154667518636983,-2.616597040822632,0.021960275791416656,-0.3150934824352709,-2.4430222795018413,0.023026458921257945,-0.34025511011412757,-2.196600201254078,0.027116128253488865,-0.26379234413970154,-2.000718355610822,0.021449622451988882,-0.29452227098935346,-2.050520609257409,0.02523535939650725
18,2024-05-03,2026-05-18,2026-05-19,2026-08-17,63,0.10277627925315058,0.2754462133400047,0.013970551751299798,-0.0031907920290777936,-0.5728841435815664,0.015502209247529777,0.16054542723992737,0.7451710095415619,0.013995699218008925,-0.015244049690330996,-0.656621568306763,0.017282283124959552,0.11913348349633601,0.4262467749790026,0.014551216120615
19,2024-08-05,2026-08-17,2026-08-18,2026-10-01,32,-0.5206528913872441,-9.041589493018066,0.014662026309318819,-0.4649296426291698,-7.637446377490564,0.013884921483492473,-0.5228063605609741,-7.559049427771113,0.015076808159173968,-0.5532806354946693,-8.669254831182304,0.016342786648229853,-0.4649308197896712,-7.549504895999324,0.015966349783970348
