ticker,name,sector,last_price,last_date,n_days,ann_return,ann_vol,beta
RELIANCE.NS,Reliance Industries,Energy,1167.699951171875,2026-10-01,1670,0.12927531964897576,0.2770737728309507,1.098735149122866
TCS.NS,Tata Consultancy Services,IT,2075.0,2026-10-01,1670,0.05077210267584209,0.24760193965298072,0.7606021153509153
HDFCBANK.NS,HDFC Bank,Banking,721.2000122070312,2026-10-01,1670,0.0635371722129745,0.2556132327769116,1.0871143043003944
ICICIBANK.NS,ICICI Bank,Banking,1310.5999755859375,2026-10-01,1670,0.20078266147695012,0.28894635585568873,1.236466685845389
SBIN.NS,State Bank of India,Banking,954.0999755859375,2026-10-01,1670,0.24586031994904856,0.30537838091935315,1.1996458638429957
BHARTIARTL.NS,Bharti Airtel,Telecom,1741.0999755859375,2026-10-01,1670,0.28038648362787955,0.266701835386853,0.7852274382578005
INFY.NS,Infosys,IT,1035.0,2026-10-01,1670,0.1239487024773902,0.28104687264442374,0.8984416035465261
ITC.NS,ITC,FMCG,255.89999389648438,2026-10-01,1670,0.09693954514826153,0.2432100626132379,0.6720857540757808
HINDUNILVR.NS,Hindustan Unilever,FMCG,1836.0,2026-10-01,1670,0.03612713520000388,0.23203807575986696,0.5717903673305008
LT.NS,Larsen & Toubro,Capital Goods,3693.39990234375,2026-10-01,1670,0.2345509641279766,0.2770943884294694,1.0829428699877799
SUNPHARMA.NS,Sun Pharmaceutical,Pharma,1801.0,2026-10-01,1670,0.2900859277245573,0.24384649525142912,0.6105196905277605
MARUTI.NS,Maruti Suzuki,Auto,11386.0,2026-10-01,1670,0.1235482032909394,0.2842881030765225,0.9783649141055436
